{
  "balls_faced": 0.017472629561560146,
  "bat_inn_num": 0.019040338850674805,
  "bat_pos": 0.0061357929369417466,
  "bowl_inn_num": 0.0013878756677116004,
  "inn1_balls_faced": 0.004339561684348807,
  "inn1_num_batsmen": 0.0054600235878405025,
  "inn1_num_bowlers": 0.001576004774399136,
  "inn1_runs": 0.06283885197074263,
  "inn1_wickets": 0.0024804110504799484,
  "inn2_balls_faced": 0.006271577709166619,
  "inn2_num_batsmen": 0.02792990513610041,
  "inn2_num_bowlers": 0.0011978634024787907,
  "inn2_runs": 0.02826931907994072,
  "inn2_wickets": 0.010424529575766766,
  "overs_bowled": 0.00393350686942797,
  "runs": 0.5901083192578704,
  "runs_given": 0.01147727942443962,
  "wickets": 0.1996562094601094
}