{"balls_faced": 0.019230238924660532, "bat_inn_num": 0.02175076404886904, "bat_pos": 0.0035806708586957115, "bowl_inn_num": 0.0011270989300061565, "inn1_balls_faced": 0.009144293633807875, "inn1_num_batsmen": 0.0023674658347436, "inn1_num_bowlers": 0.001941871018896627, "inn1_runs": 0.061191316767155494, "inn1_wickets": 0.005608758403677225, "inn2_balls_faced": 0.00457926731018644, "inn2_num_batsmen": 0.03103391655559988, "inn2_num_bowlers": 0.0015723856551483782, "inn2_runs": 0.030073065480124003, "inn2_wickets": 0.005952556089424322, "overs_bowled": 0.005240257468366611, "runs": 0.5927063622598917, "runs_given": 0.013356649990263399, "wickets": 0.18954306077048308}